National ID,First Name,Last Name
28881338800,Ayfer,Ergin
53864878050,Muzaffer,Topal
24377781990,Ozgur,Oguz
46578712052,Sahin,Erdogan
13494899670,Hanim,Kaya
25745372204,Sevim,Bayrak
17688192165,Ali,Yigit
25052209408,Rahime,Yildiz
32481274769,Gulsen,Eroglu
26300303526,Leyla,Sezer
12952533436,Halime,Cengiz
11449674254,Aysel,Koca
15056758935,Orhan,Balci
11721429120,Ihsan,Cevik
33166930376,Sevda,Erdem
84999982673,Meryem,Gurbuz
27487799042,Kazim,Sener
30039216674,Remziye,Guzel
22541670797,Cigdem,Saglam
34489050849,Haci,Durmus
27347534297,Necati,Coskun
27105975478,Ismet,Ozer
16388772709,Bekir,Demirci
28007862337,Adnan,Kahraman
12144738307,Neriman,Dag
30063719159,Nazmiye,Cetin
81618594590,Abdulkadir,Ersoy
27178921945,Gulten,Karaman
30668776091,Engin,Uzun
52768953399,Ramazan,Karaca
13256356188,Gokhan,Oz
17897717440,Sultan,Gumus
20359460242,Ercan,Akkaya
29793322944,Salih,Altun
25855959198,Metin,Ozel
22705076330,Bayram,Kaplan
33556892112,Abdurrahman,Turan
30823011761,Yildiz,Donmez
21202858145,Nuri,Ozbek
24609367546,Riza,Bal
24086191176,Emin,Yildirim
30440282338,Sedat,Colak
26084441838,Zubeyde,Yasar
40324423073,Tugba,Efe
76694072644,Kadriye,Can
33279184764,Bulent,Gunes
31827973587,Saban,Tasdemir
22876508917,Saliha,Gultekin
70716845575,Munevver,Caglar
56819669324,Emrah,Ekinci
16330691958,Meral,Sahin
64632095564,Ilhan,Caliskan
28107081495,Zeynep,Polat
13053866922,Nihat,Tas
19369708994,Ilknur,Karakas
23681165676,Hakan,Ates
15882227077,Serkan,Aydin
88533174637,Nurcan,Aydogdu
23406702274,Erhan,Aydemir
15661678418,Arzu,Guney
25595824136,Tulay,Aslan
28374020209,Isa,Kucuk
17058172581,Elif,Guler
38637307682,Musa,Demirtas
21489691851,Saniye,Aktas
30778038252,Ozlem,Yilmaz
24409615382,Celal,Yuksel
24139389243,Murat,Ari
21787469755,Turkan,Gungor
25676528891,Ibrahim,Ucar
26530346196,Erol,Tunc
16971568366,Sengul,Budak
33822208514,Zafer,Oner
27129578106,Bilal,Isik
31132753387,Hamide,Ozturk
24558999962,Necla,Kilinc
13108751822,Cemile,Cakmak
16504316703,Cemal,Ugur
13950658445,Sukru,Dursun
10189422748,Esma,Avci
60244863633,Zekiye,Akyuz
23947144910,Aynur,Karabulut
12804479714,Nurettin,Turgut
75095108515,Cemil,Akyol
24135551415,Songul,Arslan
20597060687,Yunus,Deniz
54634813397,Zeliha,Uslu
36230280532,Hulya,Tekin
13939533569,Neslihan,Cam
50715054121,Yasar,Karakus
51092417739,Ferhat,Ayhan
11701122441,Sabri,Durmaz
21784403494,Levent,Kilic
15089626314,Ekrem,Bayram
28067559351,Zeki,Ilhan
88361108404,Abdullah,Uysal
15405814570,Havva,Kartal
30069512671,Derya,Bektas
45128127702,Selahattin,Kose
85046813367,Serpil,Ciftci
21228194527,Hasan,Sen
39989664123,Sinan,Koc
26906113514,Nuran,Karadag
33424061807,Serife,Dinc
14249890754,Makbule,Gokce
17372932799,Nurten,Erol
23281364184,Mesut,Karatas
66132864141,Gonul,Seker
12496387001,Filiz,Ozdemir
18318821219,Fatma,Bulut
26868683212,Yilmaz,Demir
56205860636,Zehra,Gundogdu
13542024090,Hanife,Ozcan
93761530474,Canan,Dogan
20509598975,Semra,Topcu
12220694139,Nuray,Celebi
32115381281,Aydin,Tuncer
26281531721,Safiye,Ipek
14615648321,Mustafa,Coban
20287421764,Mehmet,Aksu
21681606450,Harun,Unal
24577047950,Arif,Bayraktar
16044770727,Gullu,Gul
12341760155,Irfan,Karakaya
25405293063,Yusuf,Ince
25230291824,Cengiz,Bilgin
21460128881,Nuriye,Aygun
45920818432,Ugur,Yucel
19316789386,Keziban,Sonmez
17989808265,Yeter,Yavuz
18887184894,Adem,Sarikaya
12557561775,Saadet,Acar
13181445283,Kamil,Eren
25829319507,Naciye,Cetinkaya
27994577548,Mevlut,Genc
14237220230,Ayten,Korkmaz
13846281886,Melek,Ozkan
28640412127,Yakup,Zengin
17069525031,Emel,Gok
14320416779,Hayriye,Guven
31254168000,Osman,Ay
28374030836,Serdar,Cakir
30076533323,Emine,Aydogan
24030280605,Recep,Turk
32765273109,Huriye,Akpinar
15852348871,Muhammet,Acikgoz
15814769207,Sema,Er
25161187256,Sibel,Akbas
19756204516,Guler,Bozkurt
18158545353,Selim,Duman
27241278513,Perihan,Akar
30833328654,Umit,Ercan
29366787526,Emre,Yaman
24629536170,Erdal,Temel
22977811589,Erkan,Celik
17407482349,Ahmet,Vural
24434492704,Kadir,Kurt
26901856259,Meliha,Keles
21085866607,Hatice,Alkan
21096283723,Hacer,Akgun
32543249061,Nermin,Akkus
17007597385,Rabia,Gunduz
22592670085,Faruk,Turkmen
32245925323,Onur,Simsek
15854125791,Esra,Ergun
11343607123,Suleyman,Mutlu
21667617090,Gulsum,Kocak
19059952635,Huseyin,Fidan
95808232780,Ismail,Inan
76153683641,Rukiye,Tosun
19909410281,Pinar,Yazici
14878527520,Mahmut,Taskin
13243912101,Fadime,Unlu
84993582238,Ebru,Akbulut
31760879681,Ayse,Gunay
26038308184,Fatih,Guner
10301786461,Kemal,Karagoz
25429565690,Selma,Sari
25790540433,Veli,Senturk
30577626865,Kenan,Ak
30588318375,Dursun,Keskin
18294752608,Yasemin,Bas
19995746998,Halil,Kalkan
69336890759,Aysegul,Yalcin
17527329257,Muharrem,Kara
16176148033,Seher,Ozcelik
14798856623,Serap,Aksoy
10929876745,Feride,Ozen
21273794031,Asiye,Akgul
67669138923,Sukran,Orhan
10006795722,Dondu,Ozmen
21582946567,Dilek,Duran
29133350801,Omer,Toprak
13196475505,Hava,Ceylan
27543293666,Sevgi,Demirel
27113647095,Yuksel,Akin
27920068764,Gulay,Cinar
18121143000,Hakki,Cicek
32837341785,Yasin,Albayrak
22970454400,Ayhan,Esen
